COD,DISCIPLINA,DEPARTAMENTO,CRD,T,CAP,HORÁRIO,LOCAL,
BEZ0097,AS PLANTAS E A HUMANIDADE,"DEPT. BOTÂNICA, ECOLOGIA E ZOOLOGIA",2,2,25,3T12,CÉLULAS,
BEZ0097,AS PLANTAS E A HUMANIDADE,"DEPT. BOTÂNICA, ECOLOGIA E ZOOLOGIA",2,1,35,4N34,PAU D`ARCO,
BEZ0037,FILOGENIA VEGETAL,"DEPT. BOTÂNICA, ECOLOGIA E ZOOLOGIA",4,1,45,5T1234; 5M6,PAU-BRASIL,
BEZ0037,FILOGENIA VEGETAL,"DEPT. BOTÂNICA, ECOLOGIA E ZOOLOGIA",4,1,45,5N1234; 5T6,PAU-BRASIL,
BEZ0095,FORMA E FUNÇÃO VEGETAL I,"DEPT. BOTÂNICA, ECOLOGIA E ZOOLOGIA",4,1,45,2T3456,PAU-BRASIL,
BEZ0095,FORMA E FUNÇÃO VEGETAL I,"DEPT. BOTÂNICA, ECOLOGIA E ZOOLOGIA",4,2,35,2N1234,CARNAÚBA,
BEZ0096,FORMA E FUNÇÃO VEGETAL II,"DEPT. BOTÂNICA, ECOLOGIA E ZOOLOGIA",2,2,45,5T34,MULUNGÚ,
BEZ0096,FORMA E FUNÇÃO VEGETAL II,"DEPT. BOTÂNICA, ECOLOGIA E ZOOLOGIA",2,1,35,3N34,IMBURANA,saiu CATOLÉ
BEZ0092,FUNDAMENTOS DE GEOLOGIA E PALEONTOLOGIA,"DEPT. BOTÂNICA, ECOLOGIA E ZOOLOGIA",6,2,33,3N34; 5N1234,3 - QUIXABEIRA; 5 - MUSEU C. CASCUDO,
BEZ0092,FUNDAMENTOS DE GEOLOGIA E PALEONTOLOGIA,"DEPT. BOTÂNICA, ECOLOGIA E ZOOLOGIA",6,3,50,3M56; 5M3456,3 - IMBURANA; 5 - MUSEU C. CASCUDO,
BEZ0093,FUNGOS E ORGANISMOS FOTOSSINTETIZANTES,"DEPT. BOTÂNICA, ECOLOGIA E ZOOLOGIA",4,2,50,35T12,IMBURANA,
BEZ0093,FUNGOS E ORGANISMOS FOTOSSINTETIZANTES,"DEPT. BOTÂNICA, ECOLOGIA E ZOOLOGIA",4,1,35,35N34,CATOLÉ,saiu IMBURANA
BEZ0145,INTRODUÇÃO A PROJETOS NO R ,"DEPT. BOTÂNICA, ECOLOGIA E ZOOLOGIA",3,1,26,6M345,Labinfo,saiu MULUNGÚ - pedido departamento e-mail
BEZ0089,METAZOA I,"DEPT. BOTÂNICA, ECOLOGIA E ZOOLOGIA",6,1,55,4T12; 6T1234,PAU-BRASIL,
BEZ0089,METAZOA I,"DEPT. BOTÂNICA, ECOLOGIA E ZOOLOGIA",6,2,35,4N12; 6N1234,CATOLÉ,
BEZ0091,METAZOA II,"DEPT. BOTÂNICA, ECOLOGIA E ZOOLOGIA",6,1,50,26M56; 4M12,2 - MULUNGU; 4 e 6 - CARNAUBA,
BEZ0091,METAZOA II,"DEPT. BOTÂNICA, ECOLOGIA E ZOOLOGIA",6,2,35,24N12; 6N34,PAU D`ARCO,
BEZ0094,ORGANISMOS FOTOSSINTETIZANTES TERRESTRES,"DEPT. BOTÂNICA, ECOLOGIA E ZOOLOGIA",2,1,50,4M56,CARNAÚBA,
BEZ0094,ORGANISMOS FOTOSSINTETIZANTES TERRESTRES,"DEPT. BOTÂNICA, ECOLOGIA E ZOOLOGIA",2,2,35,6N12,PAU D`ARCO,
BEZ0088,PRINCÍPIOS DE SISTEMÁTICA E EVOLUÇÃO,"DEPT. BOTÂNICA, ECOLOGIA E ZOOLOGIA",2,1,50,3M34,MULUNGÚ,
BEZ0088,PRINCÍPIOS DE SISTEMÁTICA E EVOLUÇÃO,"DEPT. BOTÂNICA, ECOLOGIA E ZOOLOGIA",2,2,33,3N12,PAU-BRASIL,
BEZ0098,SISTEMÁTICA DE ANGIOSPERMAS,"DEPT. BOTÂNICA, ECOLOGIA E ZOOLOGIA",4,1,25,3M1234,UMBUZEIRO,
BEZ2006,SISTEMÁTICA E ECOLOGIA DE FUNGOS,"DEPT. BOTÂNICA, ECOLOGIA E ZOOLOGIA",4,1,15,4M2345,DNA,
BEZ0086,ZOOLOGIA DE INVERTEBRADOS PARA ECÓLOGOS,"DEPT. BOTÂNICA, ECOLOGIA E ZOOLOGIA",4,1,45,24T34,FAVELEIRA,
BEZ0086,ZOOLOGIA DE INVERTEBRADOS PARA ECÓLOGOS,"DEPT. BOTÂNICA, ECOLOGIA E ZOOLOGIA",4,2,45,24N34,CATOLÉ,
ECL0026,CONSERVAÇÃO E GESTÃO AMBIENTAL,DEPT. ECOLOGIA,5,1,25,6T3456; 7M5,LABORATÓRIO DE DIDÁTICO I,SAIU - CATOLÉ- MODIFICADO PELO DEPARTAMENTO - Laboratório Didático 1
ECL0003,ECOLOGIA DA RESTAURAÇÃO,DEPT. ECOLOGIA,4,1,40,4T1234,PAU D´ARCO,
ECL0003,ECOLOGIA DA RESTAURAÇÃO,DEPT. ECOLOGIA,4,2,40,4N1234,FAVELEIRA,
ECL0004,ECOLOGIA DE CAMPO,DEPT. ECOLOGIA,5,1,45,6T1234; 7M3,PAU D´ARCO,
ECL0004,ECOLOGIA DE CAMPO,DEPT. ECOLOGIA,5,2,45,6N1234; 7N1,CARNAUBA,
ECL0006,ECOLOGIA DE ECOSSISTEMAS,DEPT. ECOLOGIA,4,1,40,3T1234,LABORATÓRIO DE DIDÁTICO I,
ECL0006,ECOLOGIA DE ECOSSISTEMAS,DEPT. ECOLOGIA,4,2,40,3N1234,FAVELEIRA,
ECL0009,ECOLOGIA DE POPULAÇÕES,DEPT. ECOLOGIA,4,1,40,3T1234,UMBUZEIRO,
ECL0009,ECOLOGIA DE POPULAÇÕES,DEPT. ECOLOGIA,4,2,40,2N1234,MANDACARÚ,
ECL0023,ECOLOGIA ESTATÍSTICA II,DEPT. ECOLOGIA,4,1,40,6T1234,LABORATÓRIO DE DIDÁTICO I,
ECL0035,ECOLOGIA GERAL,DEPT. ECOLOGIA,2,1,45,3T34,FAVELEIRA,
ECL0035,ECOLOGIA GERAL,DEPT. ECOLOGIA,2,2,45,3N12,IMBURANA,
ECL0012,ECOLOGIA GLOBAL,DEPT. ECOLOGIA,4,1,40,6T2345,ANFITEATRO DOS PEIXES,
ECL0012,ECOLOGIA GLOBAL,DEPT. ECOLOGIA,4,2,40,5N1234,LABORATÓRIO DE DIDÁTICO I,
ECL0027,ECOLOGIA I,DEPT. ECOLOGIA,4,1,50,6M1234,PAU D´ARCO,
ECL0027,ECOLOGIA I,DEPT. ECOLOGIA,4,2,35,6N1234,LABORATÓRIO DE DIDÁTICO I,
ECL0028,ECOLOGIA II,DEPT. ECOLOGIA,4,1,50,4T1234,ANFITEATRO DOS PEIXES,
ECL0028,ECOLOGIA II,DEPT. ECOLOGIA,4,2,35,5N1234,ANFITEATRO DOS PEIXES,
ECL0014,ECOLOGIA MATEMÁTICA,DEPT. ECOLOGIA,4,1,45,2T2345,PAU D´ARCO,
ECL0014,ECOLOGIA MATEMÁTICA,DEPT. ECOLOGIA,4,2,45,5N1234; 7M2,ANFITEATRO DOS ANFÍBIOS,
ECL0013,ECONOMIA ECOLÓGICA,DEPT. ECOLOGIA,4,1,40,5T1234; 7M6,LABORATÓRIO DE DIDÁTICO I,SAIU - ANFIBIOS - MODIFICADO PELO DEPARTAMENTO - Laboratório Didático 1
ECL0013,ECONOMIA ECOLÓGICA,DEPT. ECOLOGIA,4,2,40,2N1234,LABORATÓRIO DE DIDÁTICO I,SAIU - ANFIBIOS - MODIFICADO PELO DEPARTAMENTO - Laboratório Didático 1
ECL0017,GEOPROCESSAMENTO E SENSORIAMENTO REMOTO,DEPT. ECOLOGIA,4,1,40,2T1234,LABORATÓRIO DE MODELAGEM,
ECL0017,GEOPROCESSAMENTO E SENSORIAMENTO REMOTO,DEPT. ECOLOGIA,4,2,40,2N1234,LABORATÓRIO DE MODELAGEM,
ECL0034,LIMNOLOGIA,DEPT. ECOLOGIA,4,1,30,5M3456,SALA DO DNA,saiu: ANFITEATRO DOS ANFÍBIOS
ECL0037,SEMINÁRIOS EM ECOLOGIA,DEPT. ECOLOGIA,2,1,20,3T12,LABORATÓRIO DE DIDÁTICO I,SAIU - AROEIRA - MODIFICADO PELO DEPARTAMENTO - Laboratório Didático 1
ECL0037,SEMINÁRIOS EM ECOLOGIA,DEPT. ECOLOGIA,2,2,20,4N12,LABORATÓRIO DE DIDÁTICO I,
ECL0021,SOCIEDADE E DESENVOLVIMENTO,DEPT. ECOLOGIA,4,3,50,4M3456,ANFITEATRO DOS PEIXES,
ECL0021,SOCIEDADE E DESENVOLVIMENTO,DEPT. ECOLOGIA,4,1,40,5T1234,LABORATÓRIO DE DIDÁTICO I,
ECL0021,SOCIEDADE E DESENVOLVIMENTO,DEPT. ECOLOGIA,4,2,40,5N12345 5T6,MANDACARÚ,
ECL0006,ECOLOGIA DE ECOSSISTEMAS,DEPT. ECOLOGIA,,,,3T1234,SALA DO DNA,
ECL0013,ECONOMIA ECOLÓGICA,DEPT. ECOLOGIA,,,,5T1234,SALA DO DNA,
ECL0023,ECOLOGIA ESTATÍSTICA II,DEPT. ECOLOGIA,,,,6T1234,LABORATÓRIO DE MODELAGEM,SAIU: SALA CATOLÉ - modificado departamento e-mail
DBF0043,BIOESTATÍSTICA PARA BIOMEDICINA,DEPT. BIOFÍSICA E FARMACOLOGIA,4,2,40,24M56,LAB. DE BIOFÍS.- SL. DE AULAS TEÓRICAS,
DBF0043,BIOESTATÍSTICA PARA BIOMEDICINA,DEPT. BIOFÍSICA E FARMACOLOGIA,4,1,45,24M34,LAB. DE BIOFÍS.- SL. DE AULAS TEÓRICAS,
DBF0060,BIOFISICA,DEPT. BIOFÍSICA E FARMACOLOGIA,4,1A,40,35N34,ANFITEATRO DO DBF,
DBF0017,BIOFÍSICA ACÚSTICA,DEPT. BIOFÍSICA E FARMACOLOGIA,3,1A,45,6T234,LAB. DE BIOFÍS.- SL. DE AULAS TEÓRICAS,
DBF0014,BIOFISICA GERAL,DEPT. BIOFÍSICA E FARMACOLOGIA,4,1A,25,5M34; 6M56,ANFITEATRO DO DBF,
DBF0014,BIOFISICA GERAL,DEPT. BIOFÍSICA E FARMACOLOGIA,4,3A,35,56N34,LAB. DE BIOFÍS.- SL. DE AULAS TEÓRICAS,
DBF0014,BIOFISICA GERAL,DEPT. BIOFÍSICA E FARMACOLOGIA,4,2A,25,46T56,ANFITEATRO DO DBF,
DBF0005,BIOFÍSICA V,DEPT. BIOFÍSICA E FARMACOLOGIA,4,1,36,2M1256,2M12 - ANFIT. DO DBF; 2M56 - IMBURANA,
DBF0033,CÁLCULO PARA BIOCIENTISTAS,DEPT. BIOFÍSICA E FARMACOLOGIA,4,1,25,35T34,AROEIRA,
DBF0042,ÉTICA E COMPROMISSO SOCIAL,DEPT. BIOFÍSICA E FARMACOLOGIA,2,2,30,5N12,ANFITEATRO DO DBF,
DBF0042,ÉTICA E COMPROMISSO SOCIAL,DEPT. BIOFÍSICA E FARMACOLOGIA,2,1,44,5T56,ANFITEATRO DO DBF,
DBF0214,FARMACODINÂMICA,DEPT. BIOFÍSICA E FARMACOLOGIA,4,1A/B,44,24M56,ANFITEATRO DO DBF,
DBF0214,FARMACODINÂMICA,DEPT. BIOFÍSICA E FARMACOLOGIA,4,3A/B,44,24N34,ANFITEATRO DO DBF,
DBF0018,FARMACOLOGIA APLICADA À NUTRIÇÃO,DEPT. BIOFÍSICA E FARMACOLOGIA,3,1,45,6T234,ANFITEATRO DO DBF,
DBF0045,FARMACOLOGIA APLICADA À ODONTOLOGIA,DEPT. BIOFÍSICA E FARMACOLOGIA,4,1,25,6T2345,FACULDADE DE ODONTO - SALA II,
DBF0506,FARMACOLOGIA APLICADA I,DEPT. BIOFÍSICA E FARMACOLOGIA,4,1A,60,4T1234,ANFITEATRO DOS RÉPTEIS,
DBF0207,FARMACOLOGIA APLICADA III,DEPT. BIOFÍSICA E FARMACOLOGIA,4,1,34,5T2345,LAB. DE BIOFÍS.- SL. DE AULAS TEÓRICAS,
DBF0306,FARMACOLOGIA BASICA,DEPT. BIOFÍSICA E FARMACOLOGIA,4,1,60,2T2345,ANFITEATRO DOS PEIXES,
DBF0038,FARMACOLOGIA GERAL PARA ODONTOLOGIA,DEPT. BIOFÍSICA E FARMACOLOGIA,4,1 A/B,30,3T1234,ANFITEATRO DO DBF,
DBF0047,FARMACOLOGIA II PARA ENFERMAGEM,DEPT. BIOFÍSICA E FARMACOLOGIA,3,1,52,5T234,UMBUZEIRO,
DBF0046,FARMACOLOGIA I PARA ENFERMAGEM,DEPT. BIOFÍSICA E FARMACOLOGIA,3,1,53,3T234,LAB. DE BIOFÍS.- SL. DE AULAS TEÓRICAS,
DBF0209,FARMACOLOGIA PARA BIOMEDICINA,DEPT. BIOFÍSICA E FARMACOLOGIA,6,1A,30,246N12,ANFITEATRO DO DBF,
DBF0024,FÍSICA PARA O ENSINO DE CIÊNCIAS E BIOLOGIA,DEPT. BIOFÍSICA E FARMACOLOGIA,4,1A,25,24T12,LAB. DE BIOFÍS.- SL. DE AULAS TEÓRICAS,
DBF0024,FÍSICA PARA O ENSINO DE CIÊNCIAS E BIOLOGIA,DEPT. BIOFÍSICA E FARMACOLOGIA,4,2A,35,24N34,LAB. DE BIOFÍS.- SL. DE AULAS TEÓRICAS,
DBF0030,FUNDAMENTOS DA ACUPUNTURA,DEPT. BIOFÍSICA E FARMACOLOGIA,4,1A,40,23T56,JUAZEIRO,
DBF0030,FUNDAMENTOS DA ACUPUNTURA,DEPT. BIOFÍSICA E FARMACOLOGIA,4,2A,34,5T2345,JUAZEIRO,
DBF0030,FUNDAMENTOS DA ACUPUNTURA,DEPT. BIOFÍSICA E FARMACOLOGIA,4,3A,30,23N12,JUAZEIRO,
DBF0019,IMAGENOLOGIA,DEPT. BIOFÍSICA E FARMACOLOGIA,4,1,40,3M56; 2T12,ANFITEATRO DO DBF,
DBF0025,METODOLOGIA CIENTÍFICA,DEPT. BIOFÍSICA E FARMACOLOGIA,2,1,30,3N34,LAB. DE BIOFÍS.- SL. DE AULAS TEÓRICAS,
DBF0025,METODOLOGIA CIENTÍFICA,DEPT. BIOFÍSICA E FARMACOLOGIA,2,2,50,6M34,ANFITEATRO DO DBF,
DBF0036,MOD. FARMAC. EXPERIM.: DELINEAMENTO E INSTRUMENT.,DEPT. BIOFÍSICA E FARMACOLOGIA,3,1A/B,20,6M345,LABORATÓRIO DE FARMACOLOGIA II,
DBF0037,MOD. FARMAC. EXPERIM.: DELINEAMENTO E INSTRUMENT.,DEPT. BIOFÍSICA E FARMACOLOGIA,3,1A,15,6N123,LABORATÓRIO DE FARMACOLOGIA II,
DBF0020,PRINC. FISICOS APLICADOS A FARMÁCIA,DEPT. BIOFÍSICA E FARMACOLOGIA,4,1A,45,24M12,LAB. DE BIOFÍS.- SL. DE AULAS TEÓRICAS,
DBF0041,PROCESSOS FISICO,DEPT. BIOFÍSICA E FARMACOLOGIA,4,2,44,24M34,ANFITEATRO DO DBF,
DBF0041,PROCESSOS FISICO,DEPT. BIOFÍSICA E FARMACOLOGIA,4,1,33,46N12,LAB. DE BIOFÍS.- SL. DE AULAS TEÓRICAS,
DBF0029,PROGRAMAÇÃO PARA BIOCIENTISTAS,DEPT. BIOFÍSICA E FARMACOLOGIA,4,1,20,6M3456,LAB. DE BIOFÍS.- SL. DE AULAS TEÓRICAS,
DBF0210,TOXICOLOGIA PARA BIOMEDICINA,DEPT. BIOFÍSICA E FARMACOLOGIA,4,1,40,23M34,IMBURANA,
DBG0002,BIOLOGIA CELULAR,DEPT. BIOLOGIA E GENETICA,4,1,25,24T34,DNA,
DBG0055,BIOLOGIA CELULAR,DEPT. BIOLOGIA E GENETICA,4,1A/B,44,35M34,PAU-BRASIL,
DBG0055,BIOLOGIA CELULAR,DEPT. BIOLOGIA E GENETICA,4,2,33,36N34,PAU-BRASIL,
DBG0003,BIOLOGIA CELULAR E MOLECULAR  (ODONTO),DEPT. BIOLOGIA E GENETICA,5,1,46,6M45; 3T234,PAU-BRASIL,
DBG0006,BIOLOGIA CELULAR E MOLECULAR (NUTRIÇÃO),DEPT. BIOLOGIA E GENETICA,4,1,50,35T34,CARNAÚBA,
DBG0011,BIOLOGIA CELULAR E MOLECULAR (FISIOTERAPIA),DEPT. BIOLOGIA E GENETICA,4,2A/B,45,24M34,PAU-BRASIL,
DBG0011,BIOLOGIA CELULAR E MOLECULAR (FISIOTERAPIA),DEPT. BIOLOGIA E GENETICA,4,1A/B,45,3T2345,CATOLÉ,SAIU: PAU-BRASIL
DBG0013,BIOLOGIA CELULAR E MOLECULAR (FARMÁCIA),DEPT. BIOLOGIA E GENETICA,4,2,55,3M34; 5M56,PAU D`ARCO,
DBG0013,BIOLOGIA CELULAR E MOLECULAR (FARMÁCIA),DEPT. BIOLOGIA E GENETICA,4,1,55,24N34,ANFITEATRO DOS RÉPTEIS,
DBG0005,BIOLOGIA CELULAR I,DEPT. BIOLOGIA E GENETICA,4,1,60,24T23,CATOLÉ,
DBG0052,BIOLOGIA CELULAR PARA ECOLOGIA,DEPT. BIOLOGIA E GENETICA,2,1,45,4T56,CARNAÚBA,
DBG0052,BIOLOGIA CELULAR PARA ECOLOGIA,DEPT. BIOLOGIA E GENETICA,2,2,45,3N34,PAU D`ARCO,
DBG0072,BIOLOGIA CELULAR PARA LICENCIATURA,DEPT. BIOLOGIA E GENETICA,4,1,25,46T56,MULUNGU,SAIU: DNA
DBG0072,BIOLOGIA CELULAR PARA LICENCIATURA,DEPT. BIOLOGIA E GENETICA,4,2,35,35N12,CATOLÉ,
DBG0071,BIOLOGIA E ECOLOGIA,DEPT. BIOLOGIA E GENETICA,4,1,60,3M345,ANFITEATRO DOS ANFÍBIOS,
DBG0059,BIOLOGIA MOLECULAR,DEPT. BIOLOGIA E GENETICA,4,1,40,24M34,PAU D`ARCO,
DBG0034,BIOSSEGURANÇA,DEPT. BIOLOGIA E GENETICA,2,1,25,6M56,CATOLÉ,
DBG0034,BIOSSEGURANÇA,DEPT. BIOLOGIA E GENETICA,2,2,44,6M34,CATOLÉ,
DBG0147,EVOLUCAO,DEPT. BIOLOGIA E GENETICA,4,1,50,35M34,ANFITEATRO DOS PEIXES,
DBG0147,EVOLUCAO,DEPT. BIOLOGIA E GENETICA,4,2,35,24N34,IMBURANA,SAIU DNA PEDIDO DOCENTE E-MAIL
DBG0014,GENETICA (FARMÁCIA),DEPT. BIOLOGIA E GENETICA,3,5,55,5M234,ANFITEATRO DOS RÉPTEIS,
DBG0014,GENETICA (FARMÁCIA),DEPT. BIOLOGIA E GENETICA,3,2,55,3N34; 6N1,ANFITEATRO DOS RÉPTEIS,
DBG0014,GENETICA (FARMÁCIA),DEPT. BIOLOGIA E GENETICA,3,4,55,2N12; 6N2,ANFITEATRO DOS RÉPTEIS,
DBG0145,GENETICA,DEPT. BIOLOGIA E GENETICA,8,1,25,36T34; 4T1234,36T - IMBURANA; 4T - CARNAÚBA,
DBG0146,GENETICA,DEPT. BIOLOGIA E GENETICA,6,2,25,246T34,MULUNGU,
DBG0146,GENETICA,DEPT. BIOLOGIA E GENETICA,6,1,35,246N12,2N12-DNA; 46N12- JUAZEIRO,saiu DNA 46N12
DBG0049,GENÉTICA BÁSICA PARA BIOMEDICINA,DEPT. BIOLOGIA E GENETICA,4,1,30,35N34,CÉLULAS,saiu DNA
DBG0060,GENÉTICA BIOMÉDICA,DEPT. BIOLOGIA E GENETICA,4,1,30,35N12,ANFITEATRO DOS RÉPTEIS,saiu DNA
DBG0140,GENÉTICA DE ORG. AQUÁTICOS CULTIVÁVEIS,DEPT. BIOLOGIA E GENETICA,4,1,50,35T12,PAU D`ARCO,
DBG0202,GENÉTICA HUMANA (MEDICINA),DEPT. BIOLOGIA E GENETICA,4,2,55,2T23; 5T45,ANFITEATRO DOS RÉPTEIS,
DBG0202,GENÉTICA HUMANA (MEDICINA),DEPT. BIOLOGIA E GENETICA,4,1,25,24N12,CÉLULAS,
DBG0070,GENÉTICA HUMANA,DEPT. BIOLOGIA E GENETICA,3,1,60,3T234,ANFITEATRO DOS RÉPTEIS,
DBG0141,GENÉTICA HUMANA III,DEPT. BIOLOGIA E GENETICA,4,1,40,34M56,PAU-BRASIL,
DBG0009,GENETICA PARA NUTRIÇAO,DEPT. BIOLOGIA E GENETICA,4,1,50,24M34,MULUNGU,
DBG0142,GENETICA VII,DEPT. BIOLOGIA E GENETICA,4,1,40,5T2345,CATOLÉ,
DBG0087,LEITURA CIENTÍFICA,DEPT. BIOLOGIA E GENETICA,3,1,20,6M345,DNA,
DBG0077,METODOLOGIA E REDAÇÃO CIENTÍFICA,DEPT. BIOLOGIA E GENETICA,2,1,30,6T34,CÉLULAS,
DBQ0033,ANÁLISES BIOQUIMICAS,DEPT. BIOQUÍMICA,4,1,30,35N34,AROEIRA,
DBQ0045,BIOINFORMÁTICA,DEPT. BIOQUÍMICA,4,1,30,24N34,LABINFO,
DBQ0050,BIOINFORMÁTICA ESTRUTURAL,DEPT. BIOQUÍMICA,4,1,20,3T234; 5T1,Instituto do Cérebro,
DBQ0023,BIOQUIMICA PARA FARMÁCIA,DEPT. BIOQUÍMICA,8,1,45,2345M34,AROEIRA,
DBQ0023,BIOQUIMICA PARA FARMÁCIA,DEPT. BIOQUÍMICA,8,2,45,234N12; 6N34,AROEIRA,
DBQ0308,BIOQUÍMICA APLICADA A FISIOTERAPIA,DEPT. BIOQUÍMICA,4,1,36,26M34,QUIXABEIRA,
DBQ0049,BIOQUÍMICA APLICADA A NUTRIÇÃO,DEPT. BIOQUÍMICA,8,1,45,2345M12,FAVELEIRA,
DBQ0025,BIOQUÍMICA BÁSICA PARA AQUICULTURA,DEPT. BIOQUÍMICA,4,1,50,2T345; 4T34,AROEIRA,
DBQ0031,BIOQUIMICA METABOLICA,DEPT. BIOQUÍMICA,6,2,50,246M34,FAVELEIRA,
DBQ0031,BIOQUIMICA METABOLICA,DEPT. BIOQUÍMICA,6,1,35,246N12,QUIXABEIRA,
DBQ0029,BIOQUÍMICA PARA ECÓLOGOS,DEPT. BIOQUÍMICA,4,2,45,35T56,PAU D`ARCO,SAIU QUIXABEIRA
DBQ0029,BIOQUÍMICA PARA ECÓLOGOS,DEPT. BIOQUÍMICA,4,1,45,24N12,PAU-BRASIL,
DBQ0030,DIVERSIDADE MOLECULAR,DEPT. BIOQUÍMICA,4,2,50,35T56,AROEIRA,
DBQ0030,DIVERSIDADE MOLECULAR,DEPT. BIOQUÍMICA,4,1,35,35N12,PAU D`ARCO,saiu QUIXABEIRA
DBQ0040,EMPREENDEDORISMO EM BIOCIÊNCIAS,DEPT. BIOQUÍMICA,4,1,25,35T56,FAVELEIRA,
DBQ0060,EVOLUÇÃO MOLECULAR,DEPT. BIOQUÍMICA,2,1,20,5T56,JUCÁ,
DBQ0044,INTRODUÇÃO À BIOLOGIA DE SISTEMAS,DEPT. BIOQUÍMICA,4,1,30,3T1; 5T234,Instituto do Cérebro,
DBQ0105,"MODULO CELULAR, MOLECULAR E MACROMOLECULAR",DEPT. BIOQUÍMICA,12,1,62,"234T345, 6T234",ANFITEATRO DOS ANFÍBIOS,
DBQ0104,PROCESSOS BIOQUIMICOS VITAIS,DEPT. BIOQUÍMICA,6,1,55,2M34; 6M2345,ANFITEATRO DOS PEIXES,
DBQ0041,QUÍMICA ORGÂNICA PARA BIOMEDICINA,DEPT. BIOQUÍMICA,4,2,46,24T45,CATOLÉ,
DBQ0041,QUÍMICA ORGÂNICA PARA BIOMEDICINA,DEPT. BIOQUÍMICA,4,1,33,2N12; 5N34,FAVELEIRA,
DBQ0032,QUIMICA PARA O ENSINO DE CIENCIAS,DEPT. BIOQUÍMICA,4,1,35,35N12,JUCÁ,
DBQ0032,QUIMICA PARA O ENSINO DE CIENCIAS,DEPT. BIOQUÍMICA,4,2,30,35T12,FAVELEIRA,
DBQ0051,ROTINAS LABORATORIAIS EM BIOQUIMICA EXPERIMENTAL,DEPT. BIOQUÍMICA,4,1,16,35M56,AROEIRA,
DFS0069,ABORDAGEM EVOLUTIVA DO COMPORTAMENTO HUMANO I,DEPT. FISIOLOGIA E COMPORTAMENTO,2,1,40,5M34,IMBURANA,
DFS0058,BIOESTATÍSTICA BÁSICA,DEPT. FISIOLOGIA E COMPORTAMENTO,4,1,25,35M56,SALA 2 -DFS,
DFS0203,COMPORTAMENTO ANIMAL,DEPT. FISIOLOGIA E COMPORTAMENTO,4,1,30,35T56,IMBURANA,
DFS0062,COMPORTAMENTO ANIMAL PARA O ENSINO,DEPT. FISIOLOGIA E COMPORTAMENTO,4,1,30,35T56,SALA SAGUI,
DFS0062,COMPORTAMENTO ANIMAL PARA O ENSINO,DEPT. FISIOLOGIA E COMPORTAMENTO,4,2,35,35N12,SALA 2 -DFS,
DFS0056,ENSINO DE CIÊNCIAS E BIOLOGIA I,DEPT. FISIOLOGIA E COMPORTAMENTO,2,1,30,4T34,LABENBIO,
DFS0056,ENSINO DE CIÊNCIAS E BIOLOGIA I,DEPT. FISIOLOGIA E COMPORTAMENTO,2,1,35,4N34,LABENBIO,
DFS0057,ENSINO DE CIÊNCIAS E BIOLOGIA II,DEPT. FISIOLOGIA E COMPORTAMENTO,4,1,30,35M34,LABENBIO,
DFS0057,ENSINO DE CIÊNCIAS E BIOLOGIA II,DEPT. FISIOLOGIA E COMPORTAMENTO,4,2,35,35N12,LABENBIO,
DFS0020,FISIOLOGIA,DEPT. FISIOLOGIA E COMPORTAMENTO,6,1,45,345M34,SALA 2 -DFS,
DFS0020,FISIOLOGIA,DEPT. FISIOLOGIA E COMPORTAMENTO,6,2,45,245N34,SALA 2 -DFS,
DFS0068,FISIOLOGIA,DEPT. FISIOLOGIA E COMPORTAMENTO,4,1,40,24N12,IMBURANA,
DFS0110,FISIOLOGIA ANIMAL III,DEPT. FISIOLOGIA E COMPORTAMENTO,6,1,30,246T56,SALA SAGUI,
DFS0063,FISIOLOGIA ANIMAL PARA O ENSINO,DEPT. FISIOLOGIA E COMPORTAMENTO,6,1,30,246T56,JUCA,
DFS0063,FISIOLOGIA ANIMAL PARA O ENSINO,DEPT. FISIOLOGIA E COMPORTAMENTO,6,2,35,246N12,JUCA,
DFS0053,FISIOLOGIA BÁSICA,DEPT. FISIOLOGIA E COMPORTAMENTO,4,1,55,246T12,IMBURANA,
DFS0054,FISIOLOGIA BÁSICA,DEPT. FISIOLOGIA E COMPORTAMENTO,6,1,50,246N12,SALA 2 -DFS,
DFS0006,FISIOLOGIA HUMANA I,DEPT. FISIOLOGIA E COMPORTAMENTO,6,1,40,246M56,SALA 2 -DFS,
DFS0006,FISIOLOGIA HUMANA I,DEPT. FISIOLOGIA E COMPORTAMENTO,6,2,30,246N12,SALA SAGUI,
DFS0039,FISIOLOGIA HUMANA VI,DEPT. FISIOLOGIA E COMPORTAMENTO,6,1,36,246T34,SALA SAGUI,
DFS0065,FISIOLOGIA II,DEPT. FISIOLOGIA E COMPORTAMENTO,8,1,46,246T12,SALA 2 -DFS,
DFS0026,FISIOLOGIA X,DEPT. FISIOLOGIA E COMPORTAMENTO,6,1,44,24T234,JUCA,
DFS0105,FUNDAMENTOS DE CRONOBIOLOGIA,DEPT. FISIOLOGIA E COMPORTAMENTO,4,1,35,35T56,SALA 2 -DFS,
DFS0066,"LEITURA, CRÍTICA E APRESENT. DE ARTIGOS CIENTÍFICOS",DEPT. FISIOLOGIA E COMPORTAMENTO,2,1,20,3M34,SALA SAGUI,
DFS0066,"LEITURA, CRÍTICA E APRESENT. DE ARTIGOS CIENTÍFICOS",DEPT. FISIOLOGIA E COMPORTAMENTO,2,2,14,6M56,SALA SAGUI,
DFS0108,MÓDULO BIOLÓGICO I,DEPT. FISIOLOGIA E COMPORTAMENTO,16,1,62,2346M2345,ANFITEATRO DOS RÉPTEIS,
DFS0003,NEUROANATOMIA FUNCIONAL,DEPT. FISIOLOGIA E COMPORTAMENTO,6,1,50,246T56,SALA 2 -DFS,
DFS0052,PSICOFISIOLOGIA,DEPT. FISIOLOGIA E COMPORTAMENTO,4,1,48,4T1234,QUIXABEIRA,
DMP0083,BACTERIOLOGIA BÁSICA,DEPT. MICROBIOLOGIA E PARASITOLOGIA,2,1,40,5M56,CATOLÉ,
DMP0083,BACTERIOLOGIA BÁSICA,DEPT. MICROBIOLOGIA E PARASITOLOGIA,2,2,30,2N34,PAU-BRASIL,
DMP0084,BACTERIOLOGIA MÉDICA,DEPT. MICROBIOLOGIA E PARASITOLOGIA,4,1A,20,24T34,IMBURANA,
DMP0084,BACTERIOLOGIA MÉDICA,DEPT. MICROBIOLOGIA E PARASITOLOGIA,4,1B,20,25T34,IMBURANA,
DMP0099,ENSINO DE CIÊNCIAS E BIOLOGIA III,DEPT. MICROBIOLOGIA E PARASITOLOGIA,4,1,25,35T34,PAU D`ARCO,
DMP0099,ENSINO DE CIÊNCIAS E BIOLOGIA III,DEPT. MICROBIOLOGIA E PARASITOLOGIA,4,2,35,35N34,CARNAÚBA,
DMP0114,ENTOMOLOGIA GERAL,DEPT. MICROBIOLOGIA E PARASITOLOGIA,4,1,25,35T56,QUIXABEIRA,SAIU PAU D`ARCO
DMP0095,ENTOMOLOGIA GERAL II,DEPT. MICROBIOLOGIA E PARASITOLOGIA,2,1,25,2T34,CÉLULAS,
DMP0095,ENTOMOLOGIA GERAL II,DEPT. MICROBIOLOGIA E PARASITOLOGIA,2,2,30,2N12,CATOLÉ,
DMP0045,ENTOMOLOGIA MÉDICA PARA BIOMEDICINA,DEPT. MICROBIOLOGIA E PARASITOLOGIA,4,1,40,35T23,JUCÁ,
DMP0118,HELMINTOLOGIA,DEPT. MICROBIOLOGIA E PARASITOLOGIA,4,1,40,24M56,PAU D`ARCO,
DMP0059,IMUNOHEMATOLOGIA,DEPT. MICROBIOLOGIA E PARASITOLOGIA,3,1,15,5M234,CÉLULAS,
DMP0059,IMUNOHEMATOLOGIA,DEPT. MICROBIOLOGIA E PARASITOLOGIA,3,2,15,3T234,ANFITEATRO DOS PEIXES,
DMP0048,IMUNOLOGIA APLICADA PARA BIOMEDICINA,DEPT. MICROBIOLOGIA E PARASITOLOGIA,4,1,30,26N12,EMBRIÕES,
DMP0090,IMUNOLOGIA BÁSICA,DEPT. MICROBIOLOGIA E PARASITOLOGIA,4,2A,35,35N34,MULUNGÚ,
DMP0090,IMUNOLOGIA BÁSICA,DEPT. MICROBIOLOGIA E PARASITOLOGIA,4,3A,50,35M56,3 - CATOLÉ; 5 - CARNAÚBA,
DMP0100,IMUNOLOGIA BÁSICA,DEPT. MICROBIOLOGIA E PARASITOLOGIA,3,1,53,2M456,CATOLÉ,
DMP0023,IMUNOLOGIA BÁSICA II,DEPT. MICROBIOLOGIA E PARASITOLOGIA,4,1,40,35M34,CATOLÉ,
DMP0023,IMUNOLOGIA BÁSICA II,DEPT. MICROBIOLOGIA E PARASITOLOGIA,4,2,30,3N12; 4N34,MULUNGÚ,
DMP0040,IMUNOLOGIA PARA NUTRIÇÃO,DEPT. MICROBIOLOGIA E PARASITOLOGIA,2,1,45,5M34,CARNAÚBA,
DMP0109,INTERPRETAÇÃO DE EXAMES LABORATORIAIS,DEPT. MICROBIOLOGIA E PARASITOLOGIA,2,1/2,32,6M34,AROEIRA,
DMP0050,INTRODUCAO AO LABORATORIO CLINICO I,DEPT. MICROBIOLOGIA E PARASITOLOGIA,4,1A,20,45M34,QUIXABEIRA,
DMP0050,INTRODUCAO AO LABORATORIO CLINICO I,DEPT. MICROBIOLOGIA E PARASITOLOGIA,4,2A,20,45M56,QUIXABEIRA,
DMP0050,INTRODUCAO AO LABORATORIO CLINICO I,DEPT. MICROBIOLOGIA E PARASITOLOGIA,4,3A,20,45N12,4 - ANF. DOS RÉPTEIS; 5 - MULUNGÚ,
DMP0049,INTRODUÇÃO AO LABORATÓRIO CLÍNICO II,DEPT. MICROBIOLOGIA E PARASITOLOGIA,4,1,20,35T56,CÉLULAS,
DMP0043,MICOLOGIA MÉDICA,DEPT. MICROBIOLOGIA E PARASITOLOGIA,4,3A/B,34,35M56,MULUNGÚ,
DMP0043,MICOLOGIA MÉDICA,DEPT. MICROBIOLOGIA E PARASITOLOGIA,4,2,20,35N12,CÉLULAS,
DMP0120,MICROB. E PARASIT. DE ORGANISMOS AQUAT. CULTIVÁV.,DEPT. MICROBIOLOGIA E PARASITOLOGIA,4,1,50,35M45,JUCÁ,
DMP0060,MICROBIOLOGIA AMBIENTAL,DEPT. MICROBIOLOGIA E PARASITOLOGIA,5,1A/B,40,6T12345,CARNAÚBA,
DMP0060,MICROBIOLOGIA AMBIENTAL,DEPT. MICROBIOLOGIA E PARASITOLOGIA,4,2A/B,40,4N1234,CARNAÚBA,
DMP0091,MICROBIOLOGIA BÁSICA,DEPT. MICROBIOLOGIA E PARASITOLOGIA,4,1,50,46M34,CARNAÚBA,
DMP0091,MICROBIOLOGIA BÁSICA,DEPT. MICROBIOLOGIA E PARASITOLOGIA,4,2,35,24N12,MULUNGÚ,
DMP0405,MICROBIOLOGIA GERAL PARA ENGENHARIA,DEPT. MICROBIOLOGIA E PARASITOLOGIA,4,1,25,35N12,QUIXABEIRA,saiu - PAU D`ARCO
DMP0130,MICROBIOLOGIA GERAL PARA NUTRIÇÃO,DEPT. MICROBIOLOGIA E PARASITOLOGIA,3,1A/B,44,3T234,QUIXABEIRA,
DMP0129,MICROBIOLOGIA PARA ENFERMAGEM,DEPT. MICROBIOLOGIA E PARASITOLOGIA,5,1A/B,53,24M23,CATOLÉ,
DMP0113,PARASITOLOGIA,DEPT. MICROBIOLOGIA E PARASITOLOGIA,4,1,25,46M56,AROEIRA,
DMP0113,PARASITOLOGIA,DEPT. MICROBIOLOGIA E PARASITOLOGIA,4,2,25,46M56,FAVELEIRA,
DMP0113,PARASITOLOGIA,DEPT. MICROBIOLOGIA E PARASITOLOGIA,4,3,35,35N12,CARNAÚBA,
DMP0108,PARASITOLOGIA PARA ENFERMAGEM,DEPT. MICROBIOLOGIA E PARASITOLOGIA,4,1,53,25T23,QUIXABEIRA,
DMP0039,PARASITOLOGIA PARA NUTRIÇÃO,DEPT. MICROBIOLOGIA E PARASITOLOGIA,3,1,45,3M345,CARNAÚBA,
DMP0119,PROTOZOLOGIA,DEPT. MICROBIOLOGIA E PARASITOLOGIA,4,1,40,24M34,ANFITEATRO DOS ANFÍBIOS,
DMP0088,TÓPICOS EM ENTOMOLOGIA FORENSE,DEPT. MICROBIOLOGIA E PARASITOLOGIA,4,1,12,35T56,CARNAÚBA,
DMP0086,UROANÁLISE,DEPT. MICROBIOLOGIA E PARASITOLOGIA,2,1,20,4T56,CÉLULAS,
DMP0086,UROANÁLISE,DEPT. MICROBIOLOGIA E PARASITOLOGIA,2,2,20,5T56,UMBUZEIRO,
DMP0042,VIROLOGIA HUMANA,DEPT. MICROBIOLOGIA E PARASITOLOGIA,4,1,40,35M34,FAVELEIRA,
MOR0054,ANATOMIA COMPARATIVA DOS VERTEBRADOS I,DEPT. MORFOLOGIA,4,2,35,24N34,EMBRIÕES,
MOR0054,ANATOMIA COMPARATIVA DOS VERTEBRADOS I,DEPT. MORFOLOGIA,4,1,25,35M56,EMBRIÕES,
MOR0092,ANATOMIA DOS ANIMAIS DOMÉSTICOS I,DEPT. MORFOLOGIA,3,1,25,6M234,EMBRIÕES,
MOR0092,ANATOMIA DOS ANIMAIS DOMÉSTICOS I,DEPT. MORFOLOGIA,3,2,25,6T123,EMBRIÕES,
MOR0066,ANATOMIA GERAL E COMPARATIVA DOS VERTEBRADOS,DEPT. MORFOLOGIA,6,1,50,245M34,EMBRIÕES,
MOR0014,ANATOMIA HUMANA,DEPT. MORFOLOGIA,8,1,44,2346M56,ANF.B-DMOR,
MOR0014,ANATOMIA HUMANA,DEPT. MORFOLOGIA,8,2,33,24N34;35N12,ANF.B-DMOR,
MOR0067,ANATOMIA HUMANA,DEPT. MORFOLOGIA,4,1,25,35T34; 34M34,ANF.A-DMOR,
MOR0036,ANATOMIA HUMANA APLICADA À DANÇA,DEPT. MORFOLOGIA,6,1,40,4N1234; 6N34,ANF.A-DMOR,
MOR0048,ANATOMIA HUMANA PARA O CURSO DE FARMACIA,DEPT. MORFOLOGIA,4,1,50,24M34,ANF.B-DMOR,
MOR0048,ANATOMIA HUMANA PARA O CURSO DE FARMACIA,DEPT. MORFOLOGIA,4,2,50,35N34,ANF.B-DMOR,
MOR0068,ANATOMIA HUMANA PARA O ENS. DE CIÊNC. E BIOLOGIA,DEPT. MORFOLOGIA,4,1,25,35M56,ANF.A-DMOR,
MOR0068,ANATOMIA HUMANA PARA O ENS. DE CIÊNC. E BIOLOGIA,DEPT. MORFOLOGIA,4,2,35,35N12,ANF.A-DMOR,
MOR0004,ANATOMIA IV,DEPT. MORFOLOGIA,4,1,50,24T12,ANF.B-DMOR,
MOR0057,ANATOMIA PARA ENFERMAGEM,DEPT. MORFOLOGIA,6,1,58,246T12,ANF.A-DMOR,
MOR0305,ANATOMIA TOPOGRAFICA E DESCRITIVA,DEPT. MORFOLOGIA,8,1,55,35T12345,MANDACARÚ,
MOR0011,ANATOMIA XI,DEPT. MORFOLOGIA,8,1,40,35T2345,ANF.B-DMOR,
MOR0013,ANATOMIA XIII,DEPT. MORFOLOGIA,6,1,50,246T34,ANF.A-DMOR,
MOR0095,EMBRIOLOGIA APLICADA À FISIOTERAPIA,DEPT. MORFOLOGIA,2,1,40,2M56,PAU-BRASIL,
MOR0028,EMBRIOLOGIA APLICADA A FONOAUDIOLOGIA,DEPT. MORFOLOGIA,3,1,46,4T345,MANDACARÚ,
MOR0069,EMBRIOLOGIA E HISTOLOGIA P/ O ENS. DE CIENC. E BIOL.,DEPT. MORFOLOGIA,6,1,25,246M56,CÉLULAS,
MOR0069,EMBRIOLOGIA E HISTOLOGIA P/ O ENS. DE CIENC. E BIOL.,DEPT. MORFOLOGIA,6,2,35,246N12,ANF.B-DMOR,ERRO: saiu celulas
MOR0065,EMBRIOLOGIA HUMANA PARA O CURSO DE ENFERMAGEM,DEPT. MORFOLOGIA,3,1,60,6M345,ANFITEATRO DOS ANFÍBIOS,
MOR0039,EMBRIOLOGIA HUMANA PARA O CURSO DE FARMACIA,DEPT. MORFOLOGIA,2,1,50,3M56,UMBUZEIRO,
MOR0039,EMBRIOLOGIA HUMANA PARA O CURSO DE FARMACIA,DEPT. MORFOLOGIA,2,2,50,6N12,EPTÉLIOS,
MOR0086,EMBRIOLOGIA HUMANA PARA O CURSO DE NUTRIÇÃO,DEPT. MORFOLOGIA,2,1,50,3T12,EPTÉLIOS,
MOR0042,EMBRIOLOGIA II,DEPT. MORFOLOGIA,4,1,25,35M56,CÉLULAS,
MOR0096,FUNDAMENTOS DE ANATOMIA E NEUROANATOMIA,DEPT. MORFOLOGIA,5,1,50,5M23456,UMBUZEIRO,
MOR0100,FUNDAMENTOS DE ENGENHARIA DE TECIDOS E ÓRGÃOS,DEPT. MORFOLOGIA,3,1,34,4T234,CÉLULAS,
MOR0100,FUNDAMENTOS DE ENGENHARIA DE TECIDOS E ÓRGÃOS,DEPT. MORFOLOGIA,3,2,30,2N123,UMBUZEIRO,
MOR0045,HISTOLOGIA,DEPT. MORFOLOGIA,4,1/2,50,24M56,EMBRIÕES,
MOR0045,HISTOLOGIA,DEPT. MORFOLOGIA,4,3/4,50,4N12; 6N34,EMBRIÕES,
MOR0098,HISTOLOGIA APLICADA A FONOAUDIOLOGIA,DEPT. MORFOLOGIA,3,2,58,2T234,UMBUZEIRO,
MOR0085,HISTOLOGIA APLICADA A NUTRIÇÃO,DEPT. MORFOLOGIA,4,1/2,50,24T34,EMBRIÕES,
MOR0023,HISTOLOGIA III,DEPT. MORFOLOGIA,4,1,25,24M56,2M56 - FAVELEIRA; 4M56 - MULUNGU,saiu da UMBUZEIRO
MOR0058,HISTOLOGIA PARA ENFERMAGEM,DEPT. MORFOLOGIA,4,1/2,60,24T34,EPTÉLIOS,
MOR0025,HISTOLOGIA V,DEPT. MORFOLOGIA,4,1/2,40,6T2345,EPTÉLIOS,
MOR0089,MODULO BIOLOGICO II,DEPT. MORFOLOGIA,20,1,61,23456M2345,MANDACARÚ,
MOR0125,MODULO MORFOLÓGICO I,DEPT. MORFOLOGIA,4,1,20,24N12,EPTÉLIOS,
MOR0126,MÓDULO MORFOLÓGICO II,DEPT. MORFOLOGIA,4,1,20,24N34,EPTÉLIOS,
MOR0099,MORFOLOGIA HUMANA APLICADA À ODONTOLOGIA,DEPT. MORFOLOGIA,14,1,46,"234M2345, 6M23",EPTÉLIOS,
MOR0032,TÉCNICAS HISTOLÓGICAS I,DEPT. MORFOLOGIA,3,2,12,3T234,EMBRIÕES,
DOL0087,ALIMENTAÇÃO DE ORGANISMOS AQUÁTICOS CULTIVÁVEIS,DEPT. OCEANOGRAFIA E LIMNOLOGIA,4,1,50,24M23,CÉLULAS,saiu UMBUZEIRO
DOL0046,ANATOMIA E FISIOL. DOS ORG. AQUÁTICOS CULTIVÁVEIS,DEPT. OCEANOGRAFIA E LIMNOLOGIA,6,1,50,35T345;7T3,EPTÉLIOS,
DOL0130,ANATOMIA E FISIOL. APLICADAS À AQUICULTURA,DEPT. OCEANOGRAFIA E LIMNOLOGIA,6,1,50,2M345; 5M34; 7M3,2 - CARNAUBA; 5 - PAU D`ARCO,
DOL0077,BIOECOLOGIA AQUÁTICA,DEPT. OCEANOGRAFIA E LIMNOLOGIA,4,1,50,26M45,SETOR IV F3,saiu 2M45 - ANF. A-DMOR; 6M45 - EPITELIOS
DOL0081,BIOESTATÍSTICA II,DEPT. OCEANOGRAFIA E LIMNOLOGIA,4,1,50,24M23,JUCÁ,
DOL0044,BIOTECNOLOGIA DE MACROALGAS MARINHAS,DEPT. OCEANOGRAFIA E LIMNOLOGIA,4,1,50,24M45,DOL,
DOL0006,CARCINOLOGIA,DEPT. OCEANOGRAFIA E LIMNOLOGIA,4,1,40,24M45,JUCÁ,
DOL0158,ECOLOGIA DE AMBIENTES AQUÁTICOS,DEPT. OCEANOGRAFIA E LIMNOLOGIA,6,1,40,5T12; 6T1234,AROEIRA,
DOL0100,ELAB. E GESTÃO DE PROJ. TEC.,DEPT. OCEANOGRAFIA E LIMNOLOGIA,2,1,40,2T34,SALA 2 -DFS,Erro: saiu imburaba
DOL0057,EXTENSÃO COMUNITÁRIA E EDUCAÇÃO AMBIENTAL,DEPT. OCEANOGRAFIA E LIMNOLOGIA,4,1,50,6M2345,IMBURANA,
DOL0102,FUND. DE OCEANOG. E BIOL. MARINHA P/ LICENCIATURA,DEPT. OCEANOGRAFIA E LIMNOLOGIA,2,1,40,6N34,MULUNGU,
DOL0102,FUND. DE OCEANOG. E BIOL. MARINHA P/ LICENCIATURA,DEPT. OCEANOGRAFIA E LIMNOLOGIA,2,2,40,5T56,MULUNGU,
DOL0082,FUNDAMENTOS GERAIS DE SOLOS,DEPT. OCEANOGRAFIA E LIMNOLOGIA,2,1,50,6M23,PAU-BRASIL,
DOL0078,INTRODUÇÃO A BIOLOGIA MARINHA,DEPT. OCEANOGRAFIA E LIMNOLOGIA,4,1,50,24M23,DOL,
DOL0049,LIMNOLOGIA,DEPT. OCEANOGRAFIA E LIMNOLOGIA,4,1,50,3M2345,QUIXABEIRA,
DOL0041,NOÇÕES DE CULTIVOS AQUÁTICOS,DEPT. OCEANOGRAFIA E LIMNOLOGIA,4,1,50,4M2345,SALA SAGUI - DFS,
DOL0157,OCEANOGRAFIA ABIÓTICA,DEPT. OCEANOGRAFIA E LIMNOLOGIA,4,1,44,2M3456,SALA SAGUI - DFS,
DOL0058,PATOLOGIA DE ORGANISMOS AQUÁTICOS CULTIVÁVEIS,DEPT. OCEANOGRAFIA E LIMNOLOGIA,4,1,50,35M23,JUCÁ,
DOL0068,PISCICULTURA MARINHA,DEPT. OCEANOGRAFIA E LIMNOLOGIA,3,1,50,2T234,CARNAÚBA,ERRO: SAIU SAGUI
DOL0097,PROJETOS DE PESQUISA I,DEPT. OCEANOGRAFIA E LIMNOLOGIA,4,1,40,24T12,MULUNGU,
DOL0086,QUALIDADE DO AMBIENTE DE CULTIVO II,DEPT. OCEANOGRAFIA E LIMNOLOGIA,4,1,50,4T2345,UMBUZEIRO,
DOL0073,TECNOLOGIA DO PESCADO,DEPT. OCEANOGRAFIA E LIMNOLOGIA,4,1,40,3T2345,MULUNGU,
DOL0052,TÓPICOS ESPECIAIS EM AQUICULTURA,DEPT. OCEANOGRAFIA E LIMNOLOGIA,2,1,50,6M45,SETOR IV C1,saiu ANFITEATRO A - DMOR
DOL0120,ZOOLOGIA DE INVERTEBRADOS PARA AQUICULTURA,DEPT. OCEANOGRAFIA E LIMNOLOGIA,4,1,50,4M2345,IMBURANA,
FIL0923,FILOSOFIA DA CIÊNCIA (CB,OUTROS DEPARTAMENTOS,4,1,22,46M34,SALA JUAZEIRO,
DPU0119,DIREITO DO MEIO AMBIENTE (ECOL.),OUTROS DEPARTAMENTOS,4,2,40,5T1234,SETOR I - B1,saiu: ANFITEATRO DOS PEIXES
DPU0119,DIREITO DO MEIO AMBIENTE (ECOL.),OUTROS DEPARTAMENTOS,4,3,40,3N1234,SETOR I - A2,saiu: ANFITEATRO DOS PEIXES
CAC0052,HIDROLOGIA E CLIMATOLOGIA,OUTROS DEPARTAMENTOS,4,2,40,46T12,MANDACARU,
CAC0052,HIDROLOGIA E CLIMATOLOGIA,OUTROS DEPARTAMENTOS,4,1,40,4N1234,ANFITEATRO DOS PEIXES,
PEC2000,DIDÁTICA (LIC.),OUTROS DEPARTAMENTOS,4,7,50,35N34,JUCÁ,
PEC2000,DIDÁTICA (LIC.),OUTROS DEPARTAMENTOS,4,9,50,5T3456,EMBRIÕES,
FPE2016,EDUC. ESPECIAL EM UMA PERSPECTIVA INCLUS. (CB,OUTROS DEPARTAMENTOS,4,1,50,35M12,PAU-BRASIL,
FPE2016,EDUC. ESPECIAL EM UMA PERSPECTIVA INCLUS. (CB,OUTROS DEPARTAMENTOS,4,2,50,5N1234,UMBUZEIRO,
EST0234,ELEMENTOS DE BIOESTATÍSTICA (CB,OUTROS DEPARTAMENTOS,4,1,35,24M34,3G2,saiu CÉLULAS
EST0234,ELEMENTOS DE BIOESTATÍSTICA (CB,OUTROS DEPARTAMENTOS,4,2,35,35N34,3G2,saiu CÉLULAS
PEC0301,ESTÁGIO SUPERV. DE FORMAÇÃO DE PROF. I (CB,OUTROS DEPARTAMENTOS,4,1,35,3N1234,MANDACARU,
PEC0301,ESTÁGIO SUPERV. DE FORMAÇÃO DE PROF. I (CB,OUTROS DEPARTAMENTOS,4,3,25,3M1234,CÉLULAS,
PEC0302,ESTÁGIO SUPERV. DE FORMAÇÃO DE PROF. II (CB,OUTROS DEPARTAMENTOS,4,1,25,3T3456,SALA I17 - SETOR IV,
PEC0302,ESTÁGIO SUPERV. DE FORMAÇÃO DE PROF. II (CB,OUTROS DEPARTAMENTOS,4,2,50,3N1234,UMBUZEIRO,
PEC0303,ESTÁGIO SUP. DE FORM. DE PROF. P/ O ENS. FUND.(CB,OUTROS DEPARTAMENTOS,4,1,25,2M3456,DNA - DBG,
PEC0303,ESTÁGIO SUP. DE FORM. DE PROF. P/ O ENS. FUND.(CB,OUTROS DEPARTAMENTOS,4,2,45,6N1234,MANDACARU,
PEC0182,ESTÁGIO SUP. DE FORM. DE PROF. P/ O ENS. MÉDIO(CB,OUTROS DEPARTAMENTOS,4,1,25,2T3456,MANDACARU,
PEC0182,ESTÁGIO SUP. DE FORM. DE PROF. P/ O ENS. MÉDIO(CB,OUTROS DEPARTAMENTOS,4,2,35,2N1234,ANFITEATRO DOS PEIXES,
FPE0003,FUNDAMENTOS DA EDUCAÇÃO (CB,OUTROS DEPARTAMENTOS,4,1,37,6M3456,JUCÁ,saiu UMBUZEIRO
FPE0003,FUNDAMENTOS DA EDUCAÇÃO (CB,OUTROS DEPARTAMENTOS,4,2,38,6N1234,UMBUZEIRO,
FPE0681,FUNDAMENTOS DA PSICOLOGIA EDUCACIONAL (CB,OUTROS DEPARTAMENTOS,4,2,52,4M3456,2D4,saiu: JUAZEIRO e-mail departamento
FPE0681,FUNDAMENTOS DA PSICOLOGIA EDUCACIONAL (CB,OUTROS DEPARTAMENTOS,4,3,53,4N1234,UMBUZEIRO,
FPE0087,LÍNGUA BRASILEIRA DE SINAIS,OUTROS DEPARTAMENTOS,4,3,27,2M3456,JUAZEIRO,
FPE0087,LÍNGUA BRASILEIRA DE SINAIS,OUTROS DEPARTAMENTOS,4,4,33,2N1234,ANFITEATRO DOS ANFÍBIOS,SETOR IV 4F3
FPE0682,ORGANIZAÇÃO DA EDUCAÇÃO BRASILEIRA (CB,OUTROS DEPARTAMENTOS,4,2,50,4N1234,MANDACARU,
FPE0682,ORGANIZAÇÃO DA EDUCAÇÃO BRASILEIRA (CB,OUTROS DEPARTAMENTOS,4,2,35,5M1234,MULUNGU,
FPE0682,ORGANIZAÇÃO DA EDUCAÇÃO BRASILEIRA,OUTROS DEPARTAMENTOS,,,,5N1234,IMBURANA,a pedido da COORDELICE
PEC0201,PERSPEC. DEOCOLONIAIS P/ O ENS. DE CIÊNC. (CB,OUTROS DEPARTAMENTOS,2,1,50,2N12,CENTRO EDUCACAO,SAIU: LAB. FIS. - SALA TEÓRICA DO DBF - e-mail departamento
PEC0201,PERSPEC. DEOCOLONIAIS P/ O ENS. DE CIÊNC. (CB,OUTROS DEPARTAMENTOS,2,2,50,2T56,CENTRO EDUCACAO,SAIU: UMBUZEIRO -  e-mail departamento
FPE0684,POLÍTICAS PÚBLICAS E GESTÃO DA EDUCAÇÃO (CB,OUTROS DEPARTAMENTOS,2,1,50,4M12,PAU-BRASIL,
FPE0684,POLÍTICAS PÚBLICAS E GESTÃO DA EDUCAÇÃO (CB,OUTROS DEPARTAMENTOS,2,2,50,4N34,AROEIRA,
PEC3000,TECNOLOGIAS E MATERIAIS DIDÁTICOS (CB,OUTROS DEPARTAMENTOS,4,2,26,3T3456,SALA A7 - SETOR IV,
PEC3000,TECNOLOGIAS E MATERIAIS DIDÁTICOS (CB,OUTROS DEPARTAMENTOS,4,3,35,4N1234,ANFITEATRO DOS ANFÍBIOS,
ICE1044,"ECOLOGIA, EVOLUÇÃO E DESENVOLVIMENTO",OUTROS DEPARTAMENTOS,4,1,40,35N12,3N Anf. dos Anfíbios e 5N - sala Aroeira,saiu DNA - DBG
MCL0026,INTRODUÇÃO A MEDICINA E BIOÉTICA,OUTROS DEPARTAMENTOS,4,,54,24T12,ANFITEATRO DOS ANFÍBIOS,
MCL0026,INTRODUÇÃO A MEDICINA E BIOÉTICA,OUTROS DEPARTAMENTOS,4,,54,24T12,FAVELEIRA,
FAR0102,MÓDULO INTEGRADOR I,OUTROS DEPARTAMENTOS,,,50,3M1 e 6N1,SALA AROEIRA,
DSC0139,EPIDEMIOLOGIA (BIOMED.),OUTROS DEPARTAMENTOS,4,1,30,4N1234,SALA 1 - DSC/DNUT,
DSC0202,TÓPICOS ESPECIAIS EM SAÚDE COLETIVA II (CB,OUTROS DEPARTAMENTOS,2,1,40,4T56,SALA 02 DO NESC,
DSC0203,TÓPICOS ESPECIAIS EM SAÚDE COLETIVA III (CB,OUTROS DEPARTAMENTOS,2,1,30,3T56,SALA 02 DO NESC,
DSC0204,TÓPICOS ESPECIAIS EM SAÚDE COLETIVA IV (CB,OUTROS DEPARTAMENTOS,2,1,40,2T56,SALA 01 DO NESC,
CIV0027,SANEAMENTO AMBIENTAL (ECOL.),OUTROS DEPARTAMENTOS,3,2,40,2T123,SETOR IV,
CIV0027,SANEAMENTO AMBIENTAL (ECOL.),OUTROS DEPARTAMENTOS,3,1,40,3N123,SETOR IV,
MAT0220,CÁLCULO DIFERENCIAL E INTEGRAL (EA),OUTROS DEPARTAMENTOS,4,1,60,35T12,2,
ADM0561,COMERCIALIZAÇÃO E MARKETING (EA),OUTROS DEPARTAMENTOS,4,1,50,46T34,10,
ARQ0002,DESENHO TÉCNICO (EA),OUTROS DEPARTAMENTOS,4,3,50,35T34,LAB. INFO 03,
ECO0419,ECONOMIA P/ PROJ. AQUÍCOLAS (EA),OUTROS DEPARTAMENTOS,4,1,50,35T56,12,
FIS0801,FÍSICA GERAL I (EA),OUTROS DEPARTAMENTOS,4,7,50,35T56,3H6,
MAT0221,GEOMETRIA ANALÍTICA E ALGEBRA LINEAR (EA),OUTROS DEPARTAMENTOS,6,1,20,246T56,3,
DGE0315,GEOPROCESSAMENTO (EA),OUTROS DEPARTAMENTOS,4,1,50,5T2345,SETOR II,
CIV0051,HIDRÁULICA AOLICADA A AQUICULTURA,OUTROS DEPARTAMENTOS,4,1,50,35T34,SETOR IV,
FIS0031,INTRODUÇÃO À FÍSICA (EA),OUTROS DEPARTAMENTOS,4,1,50,24T56,PROIN - PRÉDIO I - DEPTO. DE FÍSICA,
CIV0106,TOPOGRAFIA  (EA),OUTROS DEPARTAMENTOS,4,1,40,6T2345,SETOR IV,